ID,Name,HP,ATK,DEF,SP.ATK,SP.DEF,SPEED,TYPE1,TYPE2
001,Bulbasaur,45,49,49,65,65,45,Grass,Poison
002,Ivysaur,60,62,63,80,80,60,Grass,Poison
003,Venusaur,80,82,83,100,100,80,Grass,Poison
004,Charmander,39,52,43,60,50,65,Fire,None
005,Charmeleon,58,64,58,80,65,80,Fire,None
006,Charizard,78,84,78,109,85,100,Fire,Flying
007,Squirtle,44,48,65,50,64,43,Water,None
008,Wartortle,59,63,80,65,80,58,Water,None
009,Blastoise,79,83,100,85,105,78,Water,None
010,Caterpie,45,30,35,20,20,45,Bug,None
011,Metapod,50,20,55,25,25,30,Bug,None
012,Butterfree,60,45,50,90,80,70,Bug,Flying
013,Weedle,40,35,30,20,20,50,Bug,Poison
014,Kakuna,45,25,50,25,25,35,Bug,Poison
015,Beedrill,65,90,40,45,80,75,Bug,Poison
016,Pidgey,40,45,40,35,35,56,Normal,Flying
017,Pidgeotto,63,60,55,50,50,71,Normal,Flying
018,Pidgeot,83,80,75,70,70,101,Normal,Flying
019,Rattata,30,56,35,25,35,72,Normal,None
020,Raticate,55,81,60,50,70,97,Normal,None
021,Spearow,40,60,30,31,31,70,Normal,Flying
022,Fearow,65,90,65,61,61,100,Normal,Flying
023,Ekans,35,60,44,40,54,55,Poison,None
024,Arbok,60,95,69,65,79,80,Poison,None
025,Pikachu,35,55,40,50,50,90,Electric,None
026,Raichu,60,90,55,90,80,110,Electric,None
027,Sandshrew,50,75,85,20,30,40,Ground,None
028,Sandslash,75,100,110,45,55,65,Ground,None
029,Nidoran♀,55,47,52,40,40,41,Poison,None
030,Nidorina,70,62,67,55,55,56,Poison,None
031,Nidoqueen,90,92,87,75,85,76,Poison,Ground
032,Nidoran♂,46,57,40,40,40,50,Poison,None
033,Nidorino,61,72,57,55,55,65,Poison,None
034,Nidoking,81,102,77,85,75,85,Poison,Ground
035,Clefairy,70,45,48,60,65,35,Fairy,None
036,Clefable,95,70,73,95,90,60,Fairy,None
037,Vulpix,38,41,40,50,65,65,Fire,None
038,Ninetales,73,76,75,81,100,100,Fire,None
039,Jigglypuff,115,45,20,45,25,20,Normal,Fairy
040,Wigglytuff,140,70,45,85,50,45,Normal,Fairy
041,Zubat,40,45,35,30,40,55,Poison,Flying
042,Golbat,75,80,70,65,75,90,Poison,Flying
043,Oddish,45,50,55,75,65,30,Grass,Poison
044,Gloom,60,65,70,85,75,40,Grass,Poison
045,Vileplume,75,80,85,110,90,50,Grass,Poison
046,Paras,35,70,55,45,55,25,Bug,Grass
047,Parasect,60,95,80,60,80,30,Bug,Grass
048,Venonat,60,55,50,40,55,45,Bug,Poison
049,Venomoth,70,65,60,90,75,90,Bug,Poison
050,Diglett,10,55,25,35,45,95,Ground,None
051,Dugtrio,35,100,50,50,70,120,Ground,None
052,Meowth,40,45,35,40,40,90,Normal,None
053,Persian,65,70,60,65,65,115,Normal,None
054,Psyduck,50,52,48,65,50,55,Water,None
055,Golduck,80,82,78,95,80,85,Water,None
056,Mankey,40,80,35,35,45,70,Fighting,None
057,Primeape,65,105,60,60,70,95,Fighting,None
058,Growlithe,55,70,45,70,50,60,Fire,None
059,Arcanine,90,110,80,100,80,95,Fire,None
060,Poliwag,40,50,40,40,40,90,Water,None
061,Poliwhirl,65,65,65,50,50,90,Water,None
062,Poliwrath,90,95,95,70,90,70,Water,Fighting
063,Abra,25,20,15,105,55,90,Psychic,None
064,Kadabra,40,35,30,120,70,105,Psychic,None
065,Alakazam,55,50,45,135,95,120,Psychic,None
066,Machop,70,80,50,35,35,35,Fighting,None
067,Machoke,80,100,70,50,60,45,Fighting,None
068,Machamp,90,130,80,65,85,55,Fighting,None
069,Bellsprout,50,75,35,70,30,40,Grass,Poison
070,Weepinbell,65,90,50,85,45,55,Grass,Poison
071,Victreebel,80,105,65,100,70,70,Grass,Poison
072,Tentacool,40,40,35,50,100,70,Water,Poison
073,Tentacruel,80,70,65,80,120,100,Water,Poison
074,Geodude,40,80,100,30,30,20,Rock,Ground
075,Graveler,55,95,115,45,45,35,Rock,Ground
076,Golem,80,120,130,55,65,45,Rock,Ground
077,Ponyta,50,85,55,65,65,90,Fire,None
078,Rapidash,65,100,70,80,80,105,Fire,None
079,Slowpoke,90,65,65,40,40,15,Water,Psychic
080,Slowbro,95,75,110,100,80,30,Water,Psychic
081,Magnemite,25,35,70,95,55,45,Electric,Steel
082,Magneton,50,60,95,120,70,70,Electric,Steel
083,Farfetch'd,52,90,55,58,62,60,Normal,Flying
084,Doduo,35,85,45,35,35,75,Normal,Flying
085,Dodrio,60,110,70,60,60,110,Normal,Flying
086,Seel,65,45,55,45,70,45,Water,None
087,Dewgong,90,70,80,70,95,70,Water,Ice
088,Grimer,80,80,50,40,50,25,Poison,None
089,Muk,105,105,75,65,100,50,Poison,None
090,Shellder,30,65,100,45,25,40,Water,None
091,Cloyster,50,95,180,85,45,70,Water,Ice
092,Gastly,30,35,30,100,35,80,Ghost,Poison
093,Haunter,45,50,45,115,55,95,Ghost,Poison
094,Gengar,60,65,60,130,75,110,Ghost,Poison
095,Onix,35,45,160,30,45,70,Rock,Ground
096,Drowzee,60,48,45,43,90,42,Psychic,None
097,Hypno,85,73,70,73,115,67,Psychic,None
098,Krabby,30,105,90,25,25,50,Water,None
099,Kingler,55,130,115,50,50,75,Water,None
100,Voltorb,40,30,50,55,55,100,Electric,None
101,Electrode,60,50,70,80,80,150,Electric,None
102,Exeggcute,60,40,80,60,45,40,Grass,Psychic
103,Exeggutor,95,95,85,125,75,55,Grass,Psychic
104,Cubone,50,50,95,40,50,35,Ground,None
105,Marowak,60,80,110,50,80,45,Ground,None
106,Hitmonlee,50,120,53,35,110,87,Fighting,None
107,Hitmonchan,50,105,79,35,110,76,Fighting,None
108,Lickitung,90,55,75,60,75,30,Normal,None
109,Koffing,40,65,95,60,45,35,Poison,None
110,Weezing,65,90,120,85,70,60,Poison,None
111,Rhyhorn,80,85,95,30,30,25,Ground,Rock
112,Rhydon,105,130,120,45,45,40,Ground,Rock
113,Chansey,250,5,5,35,105,50,Normal,None
114,Tangela,65,55,115,100,40,60,Grass,None
115,Kangaskhan,105,95,80,40,80,90,Normal,None
116,Horsea,30,40,70,70,25,60,Water,None
117,Seadra,55,65,95,95,45,85,Water,None
118,Goldeen,45,67,60,35,50,63,Water,None
119,Seaking,80,92,65,65,80,68,Water,None
120,Staryu,30,45,55,70,55,85,Water,None
121,Starmie,60,75,85,100,85,115,Water,Psychic
122,Mr. Mime,40,45,65,100,120,90,Psychic,Fairy
123,Scyther,70,110,80,55,80,105,Bug,Flying
124,Jynx,65,50,35,115,95,95,Ice,Psychic
125,Electabuzz,65,83,57,95,85,105,Electric,None
126,Magmar,65,95,57,100,85,93,Fire,None
127,Pinsir,65,125,100,55,70,85,Bug,None
128,Tauros,75,100,95,40,70,110,Normal,None
129,Magikarp,20,10,55,15,20,80,Water,None
130,Gyarados,95,125,79,60,100,81,Water,Flying
131,Lapras,130,85,80,85,95,60,Water,Ice
132,Ditto,48,48,48,48,48,48,Normal,None
133,Eevee,55,55,50,45,65,55,Normal,None
134,Vaporeon,130,65,60,110,95,65,Water,None
135,Jolteon,65,65,60,110,95,130,Electric,None
136,Flareon,65,130,60,95,110,65,Fire,None
137,Porygon,65,60,70,85,75,40,Normal,None
138,Omanyte,35,40,100,90,55,35,Rock,Water
139,Omastar,70,60,125,115,70,55,Rock,Water
140,Kabuto,30,80,90,55,45,55,Rock,Water
141,Kabutops,60,115,105,65,70,80,Rock,Water
142,Aerodactyl,80,105,65,60,75,130,Rock,Flying
143,Snorlax,160,110,65,65,110,30,Normal,None
144,Articuno,90,85,100,95,125,85,Ice,Flying
145,Zapdos,90,90,85,125,90,100,Electric,Flying
146,Moltres,90,100,90,125,85,90,Fire,Flying
147,Dratini,41,64,45,50,50,50,Dragon,None
148,Dragonair,61,84,65,70,70,70,Dragon,None
149,Dragonite,91,134,95,100,100,80,Dragon,Flying
150,Mewtwo,106,110,90,154,90,130,Psychic,None
151,Mew,100,100,100,100,100,100,Psychic,None
152,Chikorita,45,49,65,49,65,45,Grass,None
153,Bayleef,60,62,80,63,80,60,Grass,None
154,Meganium,80,82,100,83,100,80,Grass,None
155,Cyndaquil,39,52,43,60,50,65,Fire,None
156,Quilava,58,64,58,80,65,80,Fire,None
157,Typhlosion,78,84,78,109,85,100,Fire,None
158,Totodile,50,65,64,44,48,43,Water,None
159,Croconaw,65,80,80,59,63,58,Water,None
160,Feraligatr,85,105,100,79,83,78,Water,None
161,Sentret,35,46,34,35,45,20,Normal,None
162,Furret,85,76,64,45,55,90,Normal,None
163,Hoothoot,60,30,30,36,56,50,Normal,Flying
164,Noctowl,100,50,50,86,96,70,Normal,Flying
165,Ledyba,40,20,30,40,80,55,Bug,Flying
166,Ledian,55,35,50,55,110,85,Bug,Flying
167,Spinarak,40,60,40,40,40,30,Bug,Poison
168,Ariados,70,90,70,60,70,40,Bug,Poison
169,Crobat,85,90,80,70,80,130,Poison,Flying
170,Chinchou,75,38,38,56,56,67,Water,Electric
171,Lanturn,125,58,58,76,76,67,Water,Electric
172,Pichu,20,40,15,35,35,60,Electric,None
173,Cleffa,50,25,28,45,55,15,Fairy,None
174,Igglybuff,90,30,15,40,20,15,Normal,Fairy
175,Togepi,35,20,65,40,65,20,Fairy,None
176,Togetic,55,40,85,80,105,40,Fairy,Flying
177,Natu,40,50,45,70,45,70,Psychic,Flying
178,Xatu,65,75,70,95,70,95,Psychic,Flying
179,Mareep,55,40,40,65,45,35,Electric,None
180,Flaaffy,70,55,55,80,60,45,Electric,None
181,Ampharos,90,75,85,115,90,55,Electric,None
182,Bellossom,75,80,95,90,100,50,Grass,None
183,Marill,70,20,50,20,50,40,Water,Fairy
184,Azumarill,100,50,80,60,80,50,Water,Fairy
185,Sudowoodo,70,100,115,30,65,30,Rock,None
186,Politoed,90,75,75,90,100,70,Water,None
187,Hoppip,35,35,40,35,55,50,Grass,Flying
188,Skiploom,55,45,50,45,65,80,Grass,Flying
189,Jumpluff,75,55,70,55,95,110,Grass,Flying
190,Aipom,55,70,55,40,55,85,Normal,None
191,Sunkern,30,30,30,30,30,30,Grass,None
192,Sunflora,75,75,55,105,85,30,Grass,None
193,Yanma,65,65,45,75,45,95,Bug,Flying
194,Wooper,55,45,45,25,25,15,Water,Ground
195,Quagsire,95,85,85,65,65,35,Water,Ground
196,Espeon,65,65,60,130,95,110,Psychic,None
197,Umbreon,95,65,110,60,130,65,Dark,None
198,Murkrow,60,85,42,85,42,91,Dark,Flying
199,Slowking,95,75,80,100,110,30,Water,Psychic
200,Misdreavus,60,60,60,85,85,85,Ghost,None
201,Unown,48,72,48,72,48,48,Psychic,None
202,Wobbuffet,190,33,58,33,58,33,Psychic,None
203,Girafarig,70,80,65,90,65,85,Normal,Psychic
204,Pineco,50,65,90,35,35,15,Bug,None
205,Forretress,75,90,140,60,60,40,Bug,Steel
206,Dunsparce,100,70,70,65,65,45,Normal,None
207,Gligar,65,75,105,35,65,85,Ground,Flying
208,Steelix,75,85,200,55,65,30,Steel,Ground
209,Snubbull,60,80,50,40,40,30,Fairy,None
210,Granbull,90,120,75,60,60,45,Fairy,None
211,Qwilfish,65,95,85,55,55,85,Water,Poison
212,Scizor,70,130,100,55,80,65,Bug,Steel
213,Shuckle,20,10,230,10,230,5,Bug,Rock
214,Heracross,80,125,75,40,95,85,Bug,Fighting
215,Sneasel,55,95,55,35,75,115,Dark,Ice
216,Teddiursa,60,80,50,50,50,40,Normal,None
217,Ursaring,90,130,75,75,75,55,Normal,None
218,Slugma,40,40,40,70,40,20,Fire,None
219,Magcargo,60,50,120,90,80,30,Fire,Rock
220,Swinub,50,50,40,30,30,50,Ice,Ground
221,Piloswine,100,100,80,60,60,50,Ice,Ground
222,Corsola,65,55,95,65,95,35,Water,Rock
223,Remoraid,35,65,35,65,35,65,Water,None
224,Octillery,75,105,75,105,75,45,Water,None
225,Delibird,45,55,45,65,45,75,Ice,Flying
226,Mantine,85,40,70,80,140,70,Water,Flying
227,Skarmory,65,80,140,40,70,70,Steel,Flying
228,Houndour,45,60,30,80,50,65,Dark,Fire
229,Houndoom,75,90,50,110,80,95,Dark,Fire
230,Kingdra,75,95,95,95,95,85,Water,Dragon
231,Phanpy,90,60,60,40,40,40,Ground,None
232,Donphan,90,120,120,60,60,50,Ground,None
233,Porygon2,85,80,90,105,95,60,Normal,None
234,Stantler,73,95,62,85,65,85,Normal,None
235,Smeargle,55,20,35,20,45,75,Normal,None
236,Tyrogue,35,35,35,35,35,35,Fighting,None
237,Hitmontop,50,95,95,35,110,70,Fighting,None
238,Smoochum,45,30,15,85,65,65,Ice,Psychic
239,Elekid,45,63,37,65,55,95,Electric,None
240,Magby,45,75,37,70,55,83,Fire,None
241,Miltank,95,80,105,40,70,100,Normal,None
242,Blissey,255,10,10,75,135,55,Normal,None
243,Raikou,90,85,75,115,100,115,Electric,None
244,Entei,115,115,85,90,75,100,Fire,None
245,Suicune,100,75,115,90,115,85,Water,None
246,Larvitar,50,64,50,45,50,41,Rock,Ground
247,Pupitar,70,84,70,65,70,51,Rock,Ground
248,Tyranitar,100,134,110,95,100,61,Rock,Dark
249,Lugia,106,90,130,90,154,110,Psychic,Flying
250,Ho-oh,106,130,90,110,154,90,Fire,Flying
251,Celebi,100,100,100,100,100,100,Psychic,Grass
252,Treecko,40,45,35,65,55,70,Grass,None
253,Grovyle,50,65,45,85,65,95,Grass,None
254,Sceptile,70,85,65,105,85,120,Grass,None
255,Torchic,45,60,40,70,50,45,Fire,None
256,Combusken,60,85,60,85,60,55,Fire,Fighting
257,Blaziken,80,120,70,110,70,80,Fire,Fighting
258,Mudkip,50,70,50,50,50,40,Water,None
259,Marshtomp,70,85,70,60,70,50,Water,Ground
260,Swampert,100,110,90,85,90,60,Water,Ground
261,Poochyena,35,55,35,30,30,35,Dark,None
262,Mightyena,70,90,70,60,60,70,Dark,None
263,Zigzagoon,38,30,41,30,41,60,Normal,None
264,Linoone,78,70,61,50,61,100,Normal,None
265,Wurmple,45,45,35,20,30,20,Bug,None
266,Silcoon,50,35,55,25,25,15,Bug,None
267,Beautifly,60,70,50,100,50,65,Bug,Flying
268,Cascoon,50,35,55,25,25,15,Bug,None
269,Dustox,60,50,70,50,90,65,Bug,Poison
270,Lotad,40,30,30,40,50,30,Water,Grass
271,Lombre,60,50,50,60,70,50,Water,Grass
272,Ludicolo,80,70,70,90,100,70,Water,Grass
273,Seedot,40,40,50,30,30,30,Grass,None
274,Nuzleaf,70,70,40,60,40,60,Grass,Dark
275,Shiftry,90,100,60,90,60,80,Grass,Dark
276,Taillow,40,55,30,30,30,85,Normal,Flying
277,Swellow,60,85,60,75,50,125,Normal,Flying
278,Wingull,40,30,30,55,30,85,Water,Flying
279,Pelipper,60,50,100,95,70,65,Water,Flying
280,Ralts,28,25,25,45,35,40,Psychic,Fairy
281,Kirlia,38,35,35,65,55,50,Psychic,Fairy
282,Gardevoir,68,65,65,125,115,80,Psychic,Fairy
283,Surskit,40,30,32,50,52,65,Bug,Water
284,Masquerain,70,60,62,100,82,80,Bug,Flying
285,Shroomish,60,40,60,40,60,35,Grass,None
286,Breloom,60,130,80,60,60,70,Grass,Fighting
287,Slakoth,60,60,60,35,35,30,Normal,None
288,Vigoroth,80,80,80,55,55,90,Normal,None
289,Slaking,150,160,100,95,65,100,Normal,None
290,Nincada,31,45,90,30,30,40,Bug,Ground
291,Ninjask,61,90,45,50,50,160,Bug,Flying
292,Shedinja,1,90,45,30,30,40,Bug,Ghost
293,Whismur,64,51,23,51,23,28,Normal,None
294,Loudred,84,71,43,71,43,48,Normal,None
295,Exploud,104,91,63,91,73,68,Normal,None
296,Makuhita,72,60,30,20,30,25,Fighting,None
297,Hariyama,144,120,60,40,60,50,Fighting,None
298,Azurill,50,20,40,20,40,20,Normal,Fairy
299,Nosepass,30,45,135,45,90,30,Rock,None
300,Skitty,50,45,45,35,35,50,Normal,None
301,Delcatty,70,65,65,55,55,90,Normal,None
302,Sableye,50,75,75,65,65,50,Dark,Ghost
303,Mawile,50,85,85,55,55,50,Steel,Fairy
304,Aron,50,70,100,40,40,30,Steel,Rock
305,Lairon,60,90,140,50,50,40,Steel,Rock
306,Aggron,70,110,180,60,60,50,Steel,Rock
307,Meditite,30,40,55,40,55,60,Fighting,Psychic
308,Medicham,60,60,75,60,75,80,Fighting,Psychic
309,Electrike,40,45,40,65,40,65,Electric,None
310,Manectric,70,75,60,105,60,105,Electric,None
311,Plusle,60,50,40,85,75,95,Electric,None
312,Minun,60,40,50,75,85,95,Electric,None
313,Volbeat,65,73,75,47,85,85,Bug,None
314,Illumise,65,47,75,73,85,85,Bug,None
315,Roselia,50,60,45,100,80,65,Grass,Poison
316,Gulpin,70,43,53,43,53,40,Poison,None
317,Swalot,100,73,83,73,83,55,Poison,None
318,Carvanha,45,90,20,65,20,65,Water,Dark
319,Sharpedo,70,120,40,95,40,95,Water,Dark
320,Wailmer,130,70,35,70,35,60,Water,None
321,Wailord,170,90,45,90,45,60,Water,None
322,Numel,60,60,40,65,45,35,Fire,Ground
323,Camerupt,70,100,70,105,75,40,Fire,Ground
324,Torkoal,70,85,140,85,70,20,Fire,None
325,Spoink,60,25,35,70,80,60,Psychic,None
326,Grumpig,80,45,65,90,110,80,Psychic,None
327,Spinda,60,60,60,60,60,60,Normal,None
328,Trapinch,45,100,45,45,45,10,Ground,None
329,Vibrava,50,70,50,50,50,70,Ground,Dragon
330,Flygon,80,100,80,80,80,100,Ground,Dragon
331,Cacnea,50,85,40,85,40,35,Grass,None
332,Cacturne,70,115,60,115,60,55,Grass,Dark
333,Swablu,45,40,60,40,75,50,Normal,Flying
334,Altaria,75,70,90,70,105,80,Dragon,Flying
335,Zangoose,73,115,60,60,60,90,Normal,None
336,Seviper,73,100,60,100,60,65,Poison,None
337,Lunatone,90,55,65,95,85,70,Rock,Psychic
338,Solrock,90,95,85,55,65,70,Rock,Psychic
339,Barboach,50,48,43,46,41,60,Water,Ground
340,Whiscash,110,78,73,76,71,60,Water,Ground
341,Corphish,43,80,65,50,35,35,Water,None
342,Crawdaunt,63,120,85,90,55,55,Water,Dark
343,Baltoy,40,40,55,40,70,55,Ground,Psychic
344,Claydol,60,70,105,70,120,75,Ground,Psychic
345,Lileep,66,41,77,61,87,23,Rock,Grass
346,Cradily,86,81,97,81,107,43,Rock,Grass
347,Anorith,45,95,50,40,50,75,Rock,Bug
348,Armaldo,75,125,100,70,80,45,Rock,Bug
349,Feebas,20,15,20,10,55,80,Water,None
350,Milotic,95,60,79,100,125,81,Water,None
351,Castform,70,70,70,70,70,70,Normal,None
352,Kecleon,60,90,70,60,120,40,Normal,None
353,Shuppet,44,75,35,63,33,45,Ghost,None
354,Banette,64,115,65,83,63,65,Ghost,None
355,Duskull,20,40,90,30,90,25,Ghost,None
356,Dusclops,40,70,130,60,130,25,Ghost,None
357,Tropius,99,68,83,72,87,51,Grass,Flying
358,Chimecho,75,50,80,95,90,65,Psychic,None
359,Absol,65,130,60,75,60,75,Dark,None
360,Wynaut,95,23,48,23,48,23,Psychic,None
361,Snorunt,50,50,50,50,50,50,Ice,None
362,Glalie,80,80,80,80,80,80,Ice,None
363,Spheal,70,40,50,55,50,25,Ice,Water
364,Sealeo,90,60,70,75,70,45,Ice,Water
365,Walrein,110,80,90,95,90,65,Ice,Water
366,Clamperl,35,64,85,74,55,32,Water,None
367,Huntail,55,104,105,94,75,52,Water,None
368,Gorebyss,55,84,105,114,75,52,Water,None
369,Relicanth,100,90,130,45,65,55,Water,Rock
370,Luvdisc,43,30,55,40,65,97,Water,None
371,Bagon,45,75,60,40,30,50,Dragon,None
372,Shelgon,65,95,100,60,50,50,Dragon,None
373,Salamence,95,135,80,110,80,100,Dragon,Flying
374,Beldum,40,55,80,35,60,30,Steel,Psychic
375,Metang,60,75,100,55,80,50,Steel,Psychic
376,Metagross,80,135,130,95,90,70,Steel,Psychic
377,Regirock,80,100,200,50,100,50,Rock,None
378,Regice,80,50,100,100,200,50,Ice,None
379,Registeel,80,75,150,75,150,50,Steel,None
380,Latias,80,80,90,110,130,110,Dragon,Psychic
381,Latios,80,90,80,130,110,110,Dragon,Psychic
382,Kyogre,100,100,90,150,140,90,Water,None
383,Groudon,100,150,140,100,90,90,Ground,None
384,Rayquaza,105,150,90,150,90,95,Dragon,Flying
385,Jirachi,100,100,100,100,100,100,Steel,Psychic
386,DeoxysNormal Forme,50,150,50,150,50,150,Psychic,None
387,Turtwig,55,68,64,45,55,31,Grass,None
388,Grotle,75,89,85,55,65,36,Grass,None
389,Torterra,95,109,105,75,85,56,Grass,Ground
390,Chimchar,44,58,44,58,44,61,Fire,None
391,Monferno,64,78,52,78,52,81,Fire,Fighting
392,Infernape,76,104,71,104,71,108,Fire,Fighting
393,Piplup,53,51,53,61,56,40,Water,None
394,Prinplup,64,66,68,81,76,50,Water,None
395,Empoleon,84,86,88,111,101,60,Water,Steel
396,Starly,40,55,30,30,30,60,Normal,Flying
397,Staravia,55,75,50,40,40,80,Normal,Flying
398,Staraptor,85,120,70,50,60,100,Normal,Flying
399,Bidoof,59,45,40,35,40,31,Normal,None
400,Bibarel,79,85,60,55,60,71,Normal,Water
401,Kricketot,37,25,41,25,41,25,Bug,None
402,Kricketune,77,85,51,55,51,65,Bug,None
403,Shinx,45,65,34,40,34,45,Electric,None
404,Luxio,60,85,49,60,49,60,Electric,None
405,Luxray,80,120,79,95,79,70,Electric,None
406,Budew,40,30,35,50,70,55,Grass,Poison
407,Roserade,60,70,65,125,105,90,Grass,Poison
408,Cranidos,67,125,40,30,30,58,Rock,None
409,Rampardos,97,165,60,65,50,58,Rock,None
410,Shieldon,30,42,118,42,88,30,Rock,Steel
411,Bastiodon,60,52,168,47,138,30,Rock,Steel
412,Burmy,40,29,45,29,45,36,Bug,None
413,WormadamPlant Cloak,60,59,85,79,105,36,Bug,Grass
414,Mothim,70,94,50,94,50,66,Bug,Flying
415,Combee,30,30,42,30,42,70,Bug,Flying
416,Vespiquen,70,80,102,80,102,40,Bug,Flying
417,Pachirisu,60,45,70,45,90,95,Electric,None
418,Buizel,55,65,35,60,30,85,Water,None
419,Floatzel,85,105,55,85,50,115,Water,None
420,Cherubi,45,35,45,62,53,35,Grass,None
421,Cherrim,70,60,70,87,78,85,Grass,None
422,Shellos,76,48,48,57,62,34,Water,None
423,Gastrodon,111,83,68,92,82,39,Water,Ground
424,Ambipom,75,100,66,60,66,115,Normal,None
425,Drifloon,90,50,34,60,44,70,Ghost,Flying
426,Drifblim,150,80,44,90,54,80,Ghost,Flying
427,Buneary,55,66,44,44,56,85,Normal,None
428,Lopunny,65,76,84,54,96,105,Normal,None
429,Mismagius,60,60,60,105,105,105,Ghost,None
430,Honchkrow,100,125,52,105,52,71,Dark,Flying
431,Glameow,49,55,42,42,37,85,Normal,None
432,Purugly,71,82,64,64,59,112,Normal,None
433,Chingling,45,30,50,65,50,45,Psychic,None
434,Stunky,63,63,47,41,41,74,Poison,Dark
435,Skuntank,103,93,67,71,61,84,Poison,Dark
436,Bronzor,57,24,86,24,86,23,Steel,Psychic
437,Bronzong,67,89,116,79,116,33,Steel,Psychic
438,Bonsly,50,80,95,10,45,10,Rock,None
439,Mime Jr.,20,25,45,70,90,60,Psychic,Fairy
440,Happiny,100,5,5,15,65,30,Normal,None
441,Chatot,76,65,45,92,42,91,Normal,Flying
442,Spiritomb,50,92,108,92,108,35,Ghost,Dark
443,Gible,58,70,45,40,45,42,Dragon,Ground
444,Gabite,68,90,65,50,55,82,Dragon,Ground
445,Garchomp,108,130,95,80,85,102,Dragon,Ground
446,Munchlax,135,85,40,40,85,5,Normal,None
447,Riolu,40,70,40,35,40,60,Fighting,None
448,Lucario,70,110,70,115,70,90,Fighting,Steel
449,Hippopotas,68,72,78,38,42,32,Ground,None
450,Hippowdon,108,112,118,68,72,47,Ground,None
451,Skorupi,40,50,90,30,55,65,Poison,Bug
452,Drapion,70,90,110,60,75,95,Poison,Dark
453,Croagunk,48,61,40,61,40,50,Poison,Fighting
454,Toxicroak,83,106,65,86,65,85,Poison,Fighting
455,Carnivine,74,100,72,90,72,46,Grass,None
456,Finneon,49,49,56,49,61,66,Water,None
457,Lumineon,69,69,76,69,86,91,Water,None
458,Mantyke,45,20,50,60,120,50,Water,Flying
459,Snover,60,62,50,62,60,40,Grass,Ice
460,Abomasnow,90,92,75,92,85,60,Grass,Ice
461,Weavile,70,120,65,45,85,125,Dark,Ice
462,Magnezone,70,70,115,130,90,60,Electric,Steel
463,Lickilicky,110,85,95,80,95,50,Normal,None
464,Rhyperior,115,140,130,55,55,40,Ground,Rock
465,Tangrowth,100,100,125,110,50,50,Grass,None
466,Electivire,75,123,67,95,85,95,Electric,None
467,Magmortar,75,95,67,125,95,83,Fire,None
468,Togekiss,85,50,95,120,115,80,Fairy,Flying
469,Yanmega,86,76,86,116,56,95,Bug,Flying
470,Leafeon,65,110,130,60,65,95,Grass,None
471,Glaceon,65,60,110,130,95,65,Ice,None
472,Gliscor,75,95,125,45,75,95,Ground,Flying
473,Mamoswine,110,130,80,70,60,80,Ice,Ground
474,Porygon-Z,85,80,70,135,75,90,Normal,None
475,Gallade,68,125,65,65,115,80,Psychic,Fighting
476,Probopass,60,55,145,75,150,40,Rock,Steel
477,Dusknoir,45,100,135,65,135,45,Ghost,None
478,Froslass,70,80,70,80,70,110,Ice,Ghost
479,Rotom,50,50,77,95,77,91,Electric,Ghost
480,Uxie,75,75,130,75,130,95,Psychic,None
481,Mesprit,80,105,105,105,105,80,Psychic,None
482,Azelf,75,125,70,125,70,115,Psychic,None
483,Dialga,100,120,120,150,100,90,Steel,Dragon
484,Palkia,90,120,100,150,120,100,Water,Dragon
485,Heatran,91,90,106,130,106,77,Fire,Steel
486,Regigigas,110,160,110,80,110,100,Normal,None
487,GiratinaAltered Forme,150,100,120,100,120,90,Ghost,Dragon
488,Cresselia,120,70,120,75,130,85,Psychic,None
489,Phione,80,80,80,80,80,80,Water,None
490,Manaphy,100,100,100,100,100,100,Water,None
491,Darkrai,70,90,90,135,90,125,Dark,None
492,ShayminLand Forme,100,100,100,100,100,100,Grass,None
493,Arceus,120,120,120,120,120,120,Normal,None
494,Victini,100,100,100,100,100,100,Psychic,Fire
495,Snivy,45,45,55,45,55,63,Grass,None
496,Servine,60,60,75,60,75,83,Grass,None
497,Serperior,75,75,95,75,95,113,Grass,None
498,Tepig,65,63,45,45,45,45,Fire,None
499,Pignite,90,93,55,70,55,55,Fire,Fighting
500,Emboar,110,123,65,100,65,65,Fire,Fighting
501,Oshawott,55,55,45,63,45,45,Water,None
502,Dewott,75,75,60,83,60,60,Water,None
503,Samurott,95,100,85,108,70,70,Water,None
504,Patrat,45,55,39,35,39,42,Normal,None
505,Watchog,60,85,69,60,69,77,Normal,None
506,Lillipup,45,60,45,25,45,55,Normal,None
507,Herdier,65,80,65,35,65,60,Normal,None
508,Stoutland,85,110,90,45,90,80,Normal,None
509,Purrloin,41,50,37,50,37,66,Dark,None
510,Liepard,64,88,50,88,50,106,Dark,None
511,Pansage,50,53,48,53,48,64,Grass,None
512,Simisage,75,98,63,98,63,101,Grass,None
513,Pansear,50,53,48,53,48,64,Fire,None
514,Simisear,75,98,63,98,63,101,Fire,None
515,Panpour,50,53,48,53,48,64,Water,None
516,Simipour,75,98,63,98,63,101,Water,None
517,Munna,76,25,45,67,55,24,Psychic,None
518,Musharna,116,55,85,107,95,29,Psychic,None
519,Pidove,50,55,50,36,30,43,Normal,Flying
520,Tranquill,62,77,62,50,42,65,Normal,Flying
521,Unfezant,80,115,80,65,55,93,Normal,Flying
522,Blitzle,45,60,32,50,32,76,Electric,None
523,Zebstrika,75,100,63,80,63,116,Electric,None
524,Roggenrola,55,75,85,25,25,15,Rock,None
525,Boldore,70,105,105,50,40,20,Rock,None
526,Gigalith,85,135,130,60,80,25,Rock,None
527,Woobat,65,45,43,55,43,72,Psychic,Flying
528,Swoobat,67,57,55,77,55,114,Psychic,Flying
529,Drilbur,60,85,40,30,45,68,Ground,None
530,Excadrill,110,135,60,50,65,88,Ground,Steel
531,Audino,103,60,86,60,86,50,Normal,None
532,Timburr,75,80,55,25,35,35,Fighting,None
533,Gurdurr,85,105,85,40,50,40,Fighting,None
534,Conkeldurr,105,140,95,55,65,45,Fighting,None
535,Tympole,50,50,40,50,40,64,Water,None
536,Palpitoad,75,65,55,65,55,69,Water,Ground
537,Seismitoad,105,95,75,85,75,74,Water,Ground
538,Throh,120,100,85,30,85,45,Fighting,None
539,Sawk,75,125,75,30,75,85,Fighting,None
540,Sewaddle,45,53,70,40,60,42,Bug,Grass
541,Swadloon,55,63,90,50,80,42,Bug,Grass
542,Leavanny,75,103,80,70,80,92,Bug,Grass
543,Venipede,30,45,59,30,39,57,Bug,Poison
544,Whirlipede,40,55,99,40,79,47,Bug,Poison
545,Scolipede,60,100,89,55,69,112,Bug,Poison
546,Cottonee,40,27,60,37,50,66,Grass,Fairy
547,Whimsicott,60,67,85,77,75,116,Grass,Fairy
548,Petilil,45,35,50,70,50,30,Grass,None
549,Lilligant,70,60,75,110,75,90,Grass,None
550,BasculinRed-Striped Form,70,92,65,80,55,98,Water,None
551,Sandile,50,72,35,35,35,65,Ground,Dark
552,Krokorok,60,82,45,45,45,74,Ground,Dark
553,Krookodile,95,117,80,65,70,92,Ground,Dark
554,Darumaka,70,90,45,15,45,50,Fire,None
555,DarmanitanStandard Mode,105,140,55,30,55,95,Fire,None
556,Maractus,75,86,67,106,67,60,Grass,None
557,Dwebble,50,65,85,35,35,55,Bug,Rock
558,Crustle,70,105,125,65,75,45,Bug,Rock
559,Scraggy,50,75,70,35,70,48,Dark,Fighting
560,Scrafty,65,90,115,45,115,58,Dark,Fighting
561,Sigilyph,72,58,80,103,80,97,Psychic,Flying
562,Yamask,38,30,85,55,65,30,Ghost,None
563,Cofagrigus,58,50,145,95,105,30,Ghost,None
564,Tirtouga,54,78,103,53,45,22,Water,Rock
565,Carracosta,74,108,133,83,65,32,Water,Rock
566,Archen,55,112,45,74,45,70,Rock,Flying
567,Archeops,75,140,65,112,65,110,Rock,Flying
568,Trubbish,50,50,62,40,62,65,Poison,None
569,Garbodor,80,95,82,60,82,75,Poison,None
570,Zorua,40,65,40,80,40,65,Dark,None
571,Zoroark,60,105,60,120,60,105,Dark,None
572,Minccino,55,50,40,40,40,75,Normal,None
573,Cinccino,75,95,60,65,60,115,Normal,None
574,Gothita,45,30,50,55,65,45,Psychic,None
575,Gothorita,60,45,70,75,85,55,Psychic,None
576,Gothitelle,70,55,95,95,110,65,Psychic,None
577,Solosis,45,30,40,105,50,20,Psychic,None
578,Duosion,65,40,50,125,60,30,Psychic,None
579,Reuniclus,110,65,75,125,85,30,Psychic,None
580,Ducklett,62,44,50,44,50,55,Water,Flying
581,Swanna,75,87,63,87,63,98,Water,Flying
582,Vanillite,36,50,50,65,60,44,Ice,None
583,Vanillish,51,65,65,80,75,59,Ice,None
584,Vanilluxe,71,95,85,110,95,79,Ice,None
585,Deerling,60,60,50,40,50,75,Normal,Grass
586,Sawsbuck,80,100,70,60,70,95,Normal,Grass
587,Emolga,55,75,60,75,60,103,Electric,Flying
588,Karrablast,50,75,45,40,45,60,Bug,None
589,Escavalier,70,135,105,60,105,20,Bug,Steel
590,Foongus,69,55,45,55,55,15,Grass,Poison
591,Amoonguss,114,85,70,85,80,30,Grass,Poison
592,Frillish,55,40,50,65,85,40,Water,Ghost
593,Jellicent,100,60,70,85,105,60,Water,Ghost
594,Alomomola,165,75,80,40,45,65,Water,None
595,Joltik,50,47,50,57,50,65,Bug,Electric
596,Galvantula,70,77,60,97,60,108,Bug,Electric
597,Ferroseed,44,50,91,24,86,10,Grass,Steel
598,Ferrothorn,74,94,131,54,116,20,Grass,Steel
599,Klink,40,55,70,45,60,30,Steel,None
600,Klang,60,80,95,70,85,50,Steel,None
601,Klinklang,60,100,115,70,85,90,Steel,None
602,Tynamo,35,55,40,45,40,60,Electric,None
603,Eelektrik,65,85,70,75,70,40,Electric,None
604,Eelektross,85,115,80,105,80,50,Electric,None
605,Elgyem,55,55,55,85,55,30,Psychic,None
606,Beheeyem,75,75,75,125,95,40,Psychic,None
607,Litwick,50,30,55,65,55,20,Ghost,Fire
608,Lampent,60,40,60,95,60,55,Ghost,Fire
609,Chandelure,60,55,90,145,90,80,Ghost,Fire
610,Axew,46,87,60,30,40,57,Dragon,None
611,Fraxure,66,117,70,40,50,67,Dragon,None
612,Haxorus,76,147,90,60,70,97,Dragon,None
613,Cubchoo,55,70,40,60,40,40,Ice,None
614,Beartic,95,130,80,70,80,50,Ice,None
615,Cryogonal,80,50,50,95,135,105,Ice,None
616,Shelmet,50,40,85,40,65,25,Bug,None
617,Accelgor,80,70,40,100,60,145,Bug,None
618,Stunfisk,109,66,84,81,99,32,Ground,Electric
619,Mienfoo,45,85,50,55,50,65,Fighting,None
620,Mienshao,65,125,60,95,60,105,Fighting,None
621,Druddigon,77,120,90,60,90,48,Dragon,None
622,Golett,59,74,50,35,50,35,Ground,Ghost
623,Golurk,89,124,80,55,80,55,Ground,Ghost
624,Pawniard,45,85,70,40,40,60,Dark,Steel
625,Bisharp,65,125,100,60,70,70,Dark,Steel
626,Bouffalant,95,110,95,40,95,55,Normal,None
627,Rufflet,70,83,50,37,50,60,Normal,Flying
628,Braviary,100,123,75,57,75,80,Normal,Flying
629,Vullaby,70,55,75,45,65,60,Dark,Flying
630,Mandibuzz,110,65,105,55,95,80,Dark,Flying
631,Heatmor,85,97,66,105,66,65,Fire,None
632,Durant,58,109,112,48,48,109,Bug,Steel
633,Deino,52,65,50,45,50,38,Dark,Dragon
634,Zweilous,72,85,70,65,70,58,Dark,Dragon
635,Hydreigon,92,105,90,125,90,98,Dark,Dragon
636,Larvesta,55,85,55,50,55,60,Bug,Fire
637,Volcarona,85,60,65,135,105,100,Bug,Fire
638,Cobalion,91,90,129,90,72,108,Steel,Fighting
639,Terrakion,91,129,90,72,90,108,Rock,Fighting
640,Virizion,91,90,72,90,129,108,Grass,Fighting
641,TornadusIncarnate Forme,79,115,70,125,80,111,Flying,None
642,ThundurusIncarnate Forme,79,115,70,125,80,111,Electric,Flying
643,Reshiram,100,120,100,150,120,90,Dragon,Fire
644,Zekrom,100,150,120,120,100,90,Dragon,Electric
645,LandorusIncarnate Forme,89,125,90,115,80,101,Ground,Flying
646,Kyurem,125,130,90,130,90,95,Dragon,Ice
647,KeldeoOrdinary Forme,91,72,90,129,90,108,Water,Fighting
648,MeloettaAria Forme,100,77,77,128,128,90,Normal,Psychic
649,Genesect,71,120,95,120,95,99,Bug,Steel
650,Chespin,56,61,65,48,45,38,Grass,None
651,Quilladin,61,78,95,56,58,57,Grass,None
652,Chesnaught,88,107,122,74,75,64,Grass,Fighting
653,Fennekin,40,45,40,62,60,60,Fire,None
654,Braixen,59,59,58,90,70,73,Fire,None
655,Delphox,75,69,72,114,100,104,Fire,Psychic
656,Froakie,41,56,40,62,44,71,Water,None
657,Frogadier,54,63,52,83,56,97,Water,None
658,Greninja,72,95,67,103,71,122,Water,Dark
659,Bunnelby,38,36,38,32,36,57,Normal,None
660,Diggersby,85,56,77,50,77,78,Normal,Ground
661,Fletchling,45,50,43,40,38,62,Normal,Flying
662,Fletchinder,62,73,55,56,52,84,Fire,Flying
663,Talonflame,78,81,71,74,69,126,Fire,Flying
664,Scatterbug,38,35,40,27,25,35,Bug,None
665,Spewpa,45,22,60,27,30,29,Bug,None
666,Vivillon,80,52,50,90,50,89,Bug,Flying
667,Litleo,62,50,58,73,54,72,Fire,Normal
668,Pyroar,86,68,72,109,66,106,Fire,Normal
669,Flabébé,44,38,39,61,79,42,Fairy,None
670,Floette,54,45,47,75,98,52,Fairy,None
671,Florges,78,65,68,112,154,75,Fairy,None
672,Skiddo,66,65,48,62,57,52,Grass,None
673,Gogoat,123,100,62,97,81,68,Grass,None
674,Pancham,67,82,62,46,48,43,Fighting,None
675,Pangoro,95,124,78,69,71,58,Fighting,Dark
676,Furfrou,75,80,60,65,90,102,Normal,None
677,Espurr,62,48,54,63,60,68,Psychic,None
678,MeowsticMale,74,48,76,83,81,104,Psychic,None
679,Honedge,45,80,100,35,37,28,Steel,Ghost
680,Doublade,59,110,150,45,49,35,Steel,Ghost
681,AegislashBlade Forme,60,150,50,150,50,60,Steel,Ghost
682,Spritzee,78,52,60,63,65,23,Fairy,None
683,Aromatisse,101,72,72,99,89,29,Fairy,None
684,Swirlix,62,48,66,59,57,49,Fairy,None
685,Slurpuff,82,80,86,85,75,72,Fairy,None
686,Inkay,53,54,53,37,46,45,Dark,Psychic
687,Malamar,86,92,88,68,75,73,Dark,Psychic
688,Binacle,42,52,67,39,56,50,Rock,Water
689,Barbaracle,72,105,115,54,86,68,Rock,Water
690,Skrelp,50,60,60,60,60,30,Poison,Water
691,Dragalge,65,75,90,97,123,44,Poison,Dragon
692,Clauncher,50,53,62,58,63,44,Water,None
693,Clawitzer,71,73,88,120,89,59,Water,None
694,Helioptile,44,38,33,61,43,70,Electric,Normal
695,Heliolisk,62,55,52,109,94,109,Electric,Normal
696,Tyrunt,58,89,77,45,45,48,Rock,Dragon
697,Tyrantrum,82,121,119,69,59,71,Rock,Dragon
698,Amaura,77,59,50,67,63,46,Rock,Ice
699,Aurorus,123,77,72,99,92,58,Rock,Ice
700,Sylveon,95,65,65,110,130,60,Fairy,None
701,Hawlucha,78,92,75,74,63,118,Fighting,Flying
702,Dedenne,67,58,57,81,67,101,Electric,Fairy
703,Carbink,50,50,150,50,150,50,Rock,Fairy
704,Goomy,45,50,35,55,75,40,Dragon,None
705,Sliggoo,68,75,53,83,113,60,Dragon,None
706,Goodra,90,100,70,110,150,80,Dragon,None
707,Klefki,57,80,91,80,87,75,Steel,Fairy
708,Phantump,43,70,48,50,60,38,Ghost,Grass
709,Trevenant,85,110,76,65,82,56,Ghost,Grass
710,PumpkabooAverage Size,49,66,70,44,55,51,Ghost,Grass
711,GourgeistAverage Size,65,90,122,58,75,84,Ghost,Grass
712,Bergmite,55,69,85,32,35,28,Ice,None
713,Avalugg,95,117,184,44,46,28,Ice,None
714,Noibat,40,30,35,45,40,55,Flying,Dragon
715,Noivern,85,70,80,97,80,123,Flying,Dragon
716,Xerneas,126,131,95,131,98,99,Fairy,None
717,Yveltal,126,131,95,131,98,99,Dark,Flying
718,Zygarde50% Forme,108,100,121,81,95,95,Dragon,Ground
719,Diancie,50,100,150,100,150,50,Rock,Fairy
720,HoopaHoopa Confined,80,110,60,150,130,70,Psychic,Ghost
721,Volcanion,80,110,120,130,90,70,Fire,Water
722,Rowlet,68,55,55,50,50,42,Grass,Flying
723,Dartrix,78,75,75,70,70,52,Grass,Flying
724,Decidueye,78,107,75,100,100,70,Grass,Ghost
725,Litten,45,65,40,60,40,70,Fire,None
726,Torracat,65,85,50,80,50,90,Fire,None
727,Incineroar,95,115,90,80,90,60,Fire,Dark
728,Popplio,50,54,54,66,56,40,Water,None
729,Brionne,60,69,69,91,81,50,Water,None
730,Primarina,80,74,74,126,116,60,Water,Fairy
731,Pikipek,35,75,30,30,30,65,Normal,Flying
732,Trumbeak,55,85,50,40,50,75,Normal,Flying
733,Toucannon,80,120,75,75,75,60,Normal,Flying
734,Yungoos,48,70,30,30,30,45,Normal,None
735,Gumshoos,88,110,60,55,60,45,Normal,None
736,Grubbin,47,62,45,55,45,46,Bug,None
737,Charjabug,57,82,95,55,75,36,Bug,Electric
738,Vikavolt,77,70,90,145,75,43,Bug,Electric
739,Crabrawler,47,82,57,42,47,63,Fighting,None
740,Crabominable,97,132,77,62,67,43,Fighting,Ice
741,OricorioBaile Style,75,70,70,98,70,93,Fire,Flying
742,Cutiefly,40,45,40,55,40,84,Bug,Fairy
743,Ribombee,60,55,60,95,70,124,Bug,Fairy
744,Rockruff,45,65,40,30,40,60,Rock,None
745,LycanrocMidday Form,75,115,65,55,65,112,Rock,None
746,WishiwashiSolo Form,45,20,20,25,25,40,Water,None
747,Mareanie,50,53,62,43,52,45,Poison,Water
748,Toxapex,50,63,152,53,142,35,Poison,Water
749,Mudbray,70,100,70,45,55,45,Ground,None
750,Mudsdale,100,125,100,55,85,35,Ground,None
751,Dewpider,38,40,52,40,72,27,Water,Bug
752,Araquanid,68,70,92,50,132,42,Water,Bug
753,Fomantis,40,55,35,50,35,35,Grass,None
754,Lurantis,70,105,90,80,90,45,Grass,None
755,Morelull,40,35,55,65,75,15,Grass,Fairy
756,Shiinotic,60,45,80,90,100,30,Grass,Fairy
757,Salandit,48,44,40,71,40,77,Poison,Fire
758,Salazzle,68,64,60,111,60,117,Poison,Fire
759,Stufful,70,75,50,45,50,50,Normal,Fighting
760,Bewear,120,125,80,55,60,60,Normal,Fighting
761,Bounsweet,42,30,38,30,38,32,Grass,None
762,Steenee,52,40,48,40,48,62,Grass,None
763,Tsareena,72,120,98,50,98,72,Grass,None
764,Comfey,51,52,90,82,110,100,Fairy,None
765,Oranguru,90,60,80,90,110,60,Normal,Psychic
766,Passimian,100,120,90,40,60,80,Fighting,None
767,Wimpod,25,35,40,20,30,80,Bug,Water
768,Golisopod,75,125,140,60,90,40,Bug,Water
769,Sandygast,55,55,80,70,45,15,Ghost,Ground
770,Palossand,85,75,110,100,75,35,Ghost,Ground
771,Pyukumuku,55,60,130,30,130,5,Water,None
772,Type: Null,95,95,95,95,95,59,Normal,None
773,Silvally,95,95,95,95,95,95,Normal,None
774,MiniorMeteor Form,60,60,100,60,100,60,Rock,Flying
775,Komala,65,115,65,75,95,65,Normal,None
776,Turtonator,60,78,135,91,85,36,Fire,Dragon
777,Togedemaru,65,98,63,40,73,96,Electric,Steel
778,Mimikyu,55,90,80,50,105,96,Ghost,Fairy
779,Bruxish,68,105,70,70,70,92,Water,Psychic
780,Drampa,78,60,85,135,91,36,Normal,Dragon
781,Dhelmise,70,131,100,86,90,40,Ghost,Grass
782,Jangmo-o,45,55,65,45,45,45,Dragon,None
783,Hakamo-o,55,75,90,65,70,65,Dragon,Fighting
784,Kommo-o,75,110,125,100,105,85,Dragon,Fighting
785,Tapu Koko,70,115,85,95,75,130,Electric,Fairy
786,Tapu Lele,70,85,75,130,115,95,Psychic,Fairy
787,Tapu Bulu,70,130,115,85,95,75,Grass,Fairy
788,Tapu Fini,70,75,115,95,130,85,Water,Fairy
789,Cosmog,43,29,31,29,31,37,Psychic,None
790,Cosmoem,43,29,131,29,131,37,Psychic,None
791,Solgaleo,137,137,107,113,89,97,Psychic,Steel
792,Lunala,137,113,89,137,107,97,Psychic,Ghost
793,Nihilego,109,53,47,127,131,103,Rock,Poison
794,Buzzwole,107,139,139,53,53,79,Bug,Fighting
795,Pheromosa,71,137,37,137,37,151,Bug,Fighting
796,Xurkitree,83,89,71,173,71,83,Electric,None
797,Celesteela,97,101,103,107,101,61,Steel,Flying
798,Kartana,59,181,131,59,31,109,Grass,Steel
799,Guzzlord,223,101,53,97,53,43,Dark,Dragon
800,Necrozma,97,107,101,127,89,79,Psychic,None
801,Magearna,80,95,115,130,115,65,Steel,Fairy
802,Marshadow,90,125,80,90,90,125,Fighting,Ghost
803,Poipole,67,73,67,73,67,73,Poison,None
804,Naganadel,73,73,73,127,73,121,Poison,Dragon
805,Stakataka,61,131,211,53,101,13,Rock,Steel
806,Blacephalon,53,127,53,151,79,107,Fire,Ghost
807,Zeraora,88,112,75,102,80,143,Electric,None
808,Meltan,46,65,65,55,35,34,Steel,None
809,Melmetal,135,143,143,80,65,34,Steel,None
